,510020.SH,510150.SH,510190.SH,510130.SH,510050.SH,510060.SH,510110.SH,510170.SH,510180.SH,510880.SH,510010.SH,510090.SH,510030.SH,510070.SH,510160.SH
2015-01-05,1.0,1.0,1.0,1.0,1.0,1.0,1.0,1.0,1.0,1.0,1.0,1.0,1.0,1.0,1.0
2015-01-06,0.992004504505,1.01838831801,1.00741239892,0.998273561956,0.991569876358,0.993010484274,0.985675675676,0.997561372135,0.994791206851,1.00366736049,0.993618587908,0.989194798852,0.989000785658,1.00528894765,0.9912667015
2015-01-07,0.991103603604,1.00793221561,1.0070754717,1.00156948913,0.99194454852,0.997586952904,0.98972972973,1.01463176719,0.997704599629,0.999653087521,0.998200114538,0.985043648129,0.986786658096,1.00466671852,0.994476375308
2015-01-08,0.965653153153,1.00054083288,0.992840296496,0.978262575532,0.96247925922,0.964386753204,0.955540540541,0.993984717932,0.970983785056,0.972990385568,0.968992882271,0.955069898053,0.954288979359,0.997977755308,0.960140329925
2015-01-09,0.959797297297,0.990715702181,0.988628706199,0.970179706506,0.965904833271,0.96530204693,0.958513513514,0.972849943099,0.971395779995,0.96783625731,0.971774523439,0.959221048776,0.960431397757,0.991988799876,0.953571695156
2015-01-12,0.949211711712,0.994862087615,0.981553234501,0.957074472259,0.957876144088,0.943085371942,0.947162162162,0.951552593074,0.960389629499,0.945931212211,0.959911641986,0.954276295708,0.950360688522,0.995333281481,0.935582593118
2015-01-13,0.948198198198,1.00712096629,0.991576819407,0.959899552696,0.952122250174,0.938176069229,0.937094594595,0.951552593074,0.957476236721,0.950688869065,0.955330115356,0.953360600696,0.947718020141,1.00731119235,0.935955811002
2015-01-14,0.940427927928,0.995493059311,0.98509097035,0.954406340736,0.95442380774,0.942918954901,0.943378378378,0.932368720533,0.957064241782,0.948111804936,0.956311871063,0.952017581344,0.949646453825,1.00396671074,0.928342166157
2015-01-15,0.965878378378,1.00288444204,1.00741239892,0.977242407596,0.990419097575,0.981694125478,0.982364864865,0.957080149569,0.989258703393,0.977004658539,0.991818702446,0.988095964837,0.989500749946,1.01734463716,0.958050309771
2015-01-16,0.973423423423,1.01270957274,1.02291105121,0.988856627168,0.997323770272,0.995007488767,0.986486486486,0.971224191188,0.998293163827,0.983546436713,0.999100057269,0.995543617606,0.996857367331,1.02862254025,0.96775397477
2015-01-19,0.890427927928,0.964034613304,0.957715633423,0.923958251589,0.907696836696,0.906723248461,0.893175675676,0.905218663632,0.915747035108,0.899197145406,0.911641986419,0.910139796105,0.902721234198,0.970677451972,0.88728819885
2015-01-20,0.898310810811,0.992788894898,0.988039083558,0.947108216276,0.905769951293,0.908553835913,0.884256756757,0.925865712892,0.922544951591,0.917335712162,0.913441871881,0.924363591966,0.912720519963,1.00202224469,0.90572516235
2015-01-21,0.936261261261,1.01685595818,1.02257412399,0.980773758142,0.957474709629,0.956481943751,0.938175675676,0.961632254918,0.968364674377,0.954703142036,0.961711527448,0.969415786582,0.961359902864,1.03196702186,0.941180861387
2015-01-22,0.940990990991,1.0255092843,1.02998652291,0.989327473907,0.959026922871,0.96089199534,0.937364864865,0.980816127459,0.971866631353,0.955842997324,0.963593225886,0.967950674562,0.957431612028,1.04200046667,0.94595805031
2015-01-23,0.943693693694,1.01838831801,1.02543800539,0.986110021188,0.96630626773,0.964636378765,0.947432432432,0.975288570964,0.975574585798,0.954306670631,0.968992882271,0.972651242293,0.963788300836,1.03935599284,0.944838396656
2015-01-26,0.959234234234,1.03587524788,1.03866239892,1.00211881033,0.965530161109,0.964969212847,0.944459459459,0.993496992359,0.980724522527,0.963722866488,0.970874580709,0.975276234662,0.961859867152,1.05934510383,0.954691348809
2015-01-27,0.950900900901,1.03830899585,1.03285040431,1.00062779565,0.950971471391,0.954068896655,0.925472972973,0.985368232808,0.970395220859,0.959213004262,0.959911641986,0.964471033514,0.946718091565,1.05732285914,0.951556318579
2015-01-28,0.939752252252,1.02902469803,1.02029986523,0.986737816841,0.936814216132,0.939507405558,0.914324324324,0.969761014469,0.956681675054,0.950540192289,0.946248875072,0.948476893963,0.930362116992,1.03935599284,0.935582593118
2015-01-29,0.922522522523,1.01216873986,1.01027628032,0.977556305423,0.919953968849,0.929855217174,0.898310810811,0.958705901479,0.94264441894,0.943750619487,0.931686165426,0.935046700446,0.916863081208,1.02597806642,0.926849294618
2015-01-30,0.9125,1.00621957815,0.998989218329,0.964529545633,0.906546057914,0.911050091529,0.8875,0.947488213299,0.929019157765,0.931658241649,0.916223513049,0.920578719248,0.904435397472,1.01532239247,0.91274165858
2015-02-02,0.896171171171,0.995763475753,0.982227088949,0.947657537472,0.880506342664,0.880762190048,0.862027027027,0.930905543814,0.90524116418,0.907126573496,0.88979792195,0.894878212563,0.873366188129,1.00863342926,0.888631783235
2015-02-03,0.916554054054,1.01036596358,1.00480121294,0.964529545633,0.907322164535,0.907638542187,0.888851351351,0.946512762152,0.929078014184,0.922985429676,0.916223513049,0.91899151456,0.897293050496,1.02597806642,0.906098380234
2015-02-04,0.907545045045,0.999369028304,0.998062668464,0.959978027152,0.895439704544,0.900482609419,0.876621621622,0.939522028938,0.919366704923,0.915799385469,0.906160517058,0.907087479397,0.883865438183,1.01664462938,0.904008360081
2015-02-05,0.89222972973,0.989814314044,0.99090296496,0.948363807581,0.887411015362,0.888167748377,0.871216216216,0.921313607543,0.909449398193,0.89959361681,0.896179334042,0.897686343935,0.871866295265,1.01197791087,0.887885347466
2015-02-06,0.881306306306,0.980620155039,0.973466981132,0.930471631484,0.878204785099,0.871193210185,0.861216216216,0.897089904081,0.897236691092,0.877292100307,0.88521639532,0.885721262438,0.856724519677,1.00202224469,0.867059789505
2015-02-09,0.890878378378,0.986569316748,0.975741239892,0.934709252138,0.893539581438,0.881927109336,0.876621621622,0.894651276215,0.908801977576,0.877688571712,0.897979219504,0.893962517551,0.865509606457,1.01400015556,0.87228483989
2015-02-10,0.902702702703,0.995493059311,0.992250673854,0.94907007769,0.907322164535,0.896821434515,0.889391891892,0.906681840351,0.922898090109,0.895034195659,0.911641986419,0.909590379098,0.8819370045,1.02730030334,0.888781070389
2015-02-11,0.908333333333,1.01090679647,1.0028638814,0.957623793455,0.911898517369,0.898652021967,0.892364864865,0.907657291497,0.928813160295,0.898057290118,0.91712345578,0.916000244185,0.886579530034,1.04728941433,0.894901843696
2015-02-12,0.909684684685,1.01748692987,1.01288746631,0.962960056502,0.91267462399,0.902646030954,0.888851351351,0.908307592261,0.931108560666,0.898800674001,0.918923341242,0.916427568525,0.888507963717,1.0533561484,0.906994103157
2015-02-13,0.915202702703,1.02785289346,1.0213106469,0.973318684768,0.9165016325,0.908221001831,0.892635135135,0.921313607543,0.93755333863,0.909009812667,0.923504867872,0.921982784934,0.893650453539,1.06533405927,0.914383817273
2015-02-16,0.926576576577,1.04894537588,1.03967318059,0.984775955427,0.917652411283,0.908803461474,0.889932432432,0.928954641522,0.94261499073,0.913519674893,0.927104638796,0.927232769672,0.894150417827,1.08462316248,0.927446443234
2015-02-17,0.930067567568,1.05579592573,1.04388477089,0.99270187554,0.923004870738,0.915044100516,0.895878378378,0.934482198017,0.948853771225,0.921845574388,0.932586108157,0.934069959099,0.901007070924,1.09333437038,0.936329028887
2015-02-25,0.920720720721,1.0510185686,1.03158692722,0.983755787491,0.908472943317,0.904143784324,0.879932432432,0.938058852219,0.936346782025,0.920358806621,0.918923341242,0.921616506929,0.888293693308,1.08330092557,0.923714264388
2015-02-26,0.945157657658,1.06147467099,1.04902291105,1.00698422663,0.935663437349,0.93226826427,0.907567567568,0.961144529345,0.961919896413,0.943007235603,0.947148817803,0.945851901593,0.913934718949,1.09862331804,0.951929536463
2015-02-27,0.948873873874,1.06535063999,1.0539083558,1.01114337283,0.934887330728,0.93226826427,0.905405405405,0.967810112177,0.96256731703,0.944097531966,0.948048760533,0.94682864294,0.913720448539,1.10196779964,0.957527804732
2015-03-02,0.94954954955,1.07778979629,1.06418463612,1.02307149023,0.936038109511,0.935014145448,0.907837837838,0.985855958381,0.968040964068,0.955050054515,0.951730344433,0.948782125633,0.914434683237,1.12265691841,0.965514667463
2015-03-03,0.925337837838,1.06354786371,1.04093665768,1.00588558424,0.905020606969,0.90664003994,0.876081081081,0.974800845391,0.941820429063,0.941074437506,0.923504867872,0.924729869971,0.887293764731,1.10935677063,0.94207658431
2015-03-04,0.931081081081,1.08878673157,1.05643530997,1.01491014675,0.905769951293,0.907888167748,0.875,0.982929604942,0.945351814249,0.944097531966,0.925304753334,0.926133935657,0.886079565745,1.12001244458,0.945062327387
2015-03-05,0.915878378378,1.08608256715,1.0496967655,1.00494389076,0.894288925761,0.895656515227,0.861216216216,0.976751747683,0.934227950914,0.932054713054,0.914341814612,0.910933398449,0.868723662596,1.12195691063,0.933193998656
2015-03-06,0.914752252252,1.07337299441,1.04059973046,0.997096445107,0.895814376706,0.897903145282,0.860945945946,0.980328401886,0.93257997116,0.932401625533,0.91254192915,0.907270618399,0.869937861581,1.10733452594,0.931701127118
2015-03-09,0.934797297297,1.0923021453,1.05483490566,1.00769049674,0.917277739121,0.915543351639,0.881554054054,0.987969435864,0.950531179188,0.957726236495,0.931686165426,0.934924607777,0.899507178059,1.12996811076,0.94595805031
2015-03-10,0.926463963964,1.09951325041,1.05744609164,1.00933846033,0.904645934807,0.901730737227,0.868513513514,0.988457161437,0.94273270357,0.953910199227,0.92170498241,0.924607777303,0.885365331048,1.13331259236,0.939837277002
2015-03-11,0.927252252252,1.10212727601,1.05744609164,1.00784744566,0.9096237221,0.901730737227,0.873108108108,0.982441879369,0.945263529619,0.955842997324,0.924404810603,0.929796715707,0.890722091279,1.13463482928,0.939687989848
2015-03-12,0.950563063063,1.10807643771,1.06485849057,1.02016793534,0.937964994915,0.925278748544,0.905675675676,0.987969435864,0.968217533327,0.975468331847,0.949930458971,0.959831512118,0.923005499607,1.14062378471,0.955437784579
2015-03-13,0.960022522523,1.11672976384,1.07319743935,1.0274660598,0.941792003426,0.926526876352,0.908918918919,0.996423345797,0.973308613637,0.983001288532,0.955330115356,0.966058238203,0.927648025141,1.14669051878,0.963424647309
2015-03-16,0.981869369369,1.14548404543,1.09838274933,1.05265636035,0.96247925922,0.942502912298,0.929797297297,1.01560721834,0.995938907036,1.00188323917,0.9772559928,0.992125022892,0.946432397686,1.17663529595,0.981861610808
2015-03-17,0.992905405405,1.15233459528,1.10747978437,1.07047006199,0.974334956913,0.959061407888,0.942837837838,1.03381563973,1.01027044525,1.01962533452,0.991818702446,1.00323545571,0.95964573959,1.18464649607,1.00059714862
2015-03-18,1.01328828829,1.17522985398,1.13552897574,1.09079494624,0.999223893379,0.984606423698,0.966148648649,1.05592586571,1.0336658721,1.04945980771,1.01546265238,1.02338074599,0.984143989715,1.20533561484,1.02731954915
2015-03-19,1.01272522523,1.16630611141,1.13460242588,1.0991917131,0.99194454852,0.986769845232,0.956351351351,1.06811900504,1.03204732056,1.05357319853,1.01366276691,1.0219766803,0.981429897864,1.21466905188,1.03844144211
2015-03-20,1.01936936937,1.17378763295,1.14841644205,1.11104135604,1.01073168121,1.00291229822,0.980202702703,1.06551780198,1.04843883347,1.06338586579,1.03092530475,1.0314388621,0.989715020356,1.23201368904,1.04030753154
2015-03-23,1.03524774775,1.19956733369,1.17882412399,1.13976300714,1.02566504309,1.02338159428,0.995135135135,1.08974150545,1.06842058798,1.08717415006,1.05096948376,1.04956962334,1.00664238269,1.26468071867,1.06800029857
2015-03-24,1.02657657658,1.20758968812,1.18429919137,1.15553637291,1.01188245999,1.01905475121,0.983513513514,1.09640708828,1.06512462847,1.09738328873,1.04368812894,1.04633416763,1.00149989286,1.27261414016,1.073747854
2015-03-25,1.01542792793,1.21885703984,1.18522574124,1.14729655497,0.998849221217,1.00582459644,0.963986486486,1.08827832873,1.05370648303,1.08682723759,1.03280700319,1.03357548379,0.984143989715,1.27868087423,1.06538777338
2015-03-26,1.03288288288,1.21380926627,1.17688679245,1.13842894138,1.01303323877,1.0186387086,0.971283783784,1.09185498293,1.0598569789,1.08454752701,1.04008835801,1.03754349551,0.993429040783,1.25931399238,1.07061282377
2015-03-27,1.03231981982,1.21831620696,1.18429919137,1.14721808051,1.0137825831,1.02046929606,0.973716216216,1.09738253942,1.06347664872,1.09094062841,1.04278818621,1.04108418289,0.995643168345,1.27595862176,1.0785996865
2015-03-30,1.06328828829,1.23436091581,1.20847371968,1.17695989955,1.04940320077,1.05550008321,1.01033783784,1.11038855471,1.09720137724,1.11928833383,1.08107665876,1.08210731946,1.03671166345,1.29929221436,1.11905650519
2015-03-31,1.04583333333,1.22751036596,1.20106132075,1.16471788433,1.0382968474,1.04118821767,0.99972972973,1.09640708828,1.08554780613,1.1060561007,1.06831383457,1.06727306025,1.02028426541,1.29128101423,1.098977383
2015-04-01,1.0625,1.24860284839,1.22203504043,1.18449344738,1.05515709469,1.05741387918,1.01385135135,1.11347748334,1.10352844236,1.12682129051,1.08647631514,1.08088639277,1.03056924505,1.32200357782,1.12054937673
2015-04-02,1.05596846847,1.26194339282,1.23045822102,1.1859059876,1.04825242199,1.05000832085,1.0052027027,1.1341245326,1.09970277508,1.14228367529,1.08107665876,1.07795616873,1.02492679094,1.33001477794,1.12054937673
2015-04-03,1.06317567568,1.27294032811,1.24561994609,1.19689241152,1.06203500508,1.05583291729,1.01574324324,1.13916436352,1.1122686207,1.16230548122,1.09375766997,1.08406080215,1.02985501036,1.34331492572,1.1251772785
2015-04-07,1.08310810811,1.2964665585,1.27686994609,1.21588323001,1.08885082695,1.08037943085,1.04013513514,1.16989107462,1.13645860922,1.20269600555,1.1183833756,1.10768573347,1.05499607171,1.36999299992,1.1497350153
2015-04-08,1.09324324324,1.28871462052,1.27855458221,1.21580475555,1.11221431248,1.1024296888,1.06290540541,1.15834823606,1.15140813984,1.2204381009,1.13842755461,1.11983395397,1.07235197486,1.3653262814,1.16048369038
2015-04-09,1.07286036036,1.27384171624,1.27080525606,1.20623087185,1.10456029546,1.09951739058,1.05506756757,1.13965208909,1.14281510256,1.21062543364,1.12934631433,1.10915084549,1.06335261767,1.36330403671,1.14839143092
2015-04-10,1.09313063063,1.31007751938,1.29885444744,1.2265557561,1.12484611679,1.11033449825,1.07378378378,1.1648512437,1.16329713664,1.24159976212,1.14840873763,1.13466821317,1.08585101064,1.39534883721,1.16660446369
2015-04-13,1.10945945946,1.32999819722,1.31890161725,1.25017656753,1.14515870042,1.14361790647,1.09222972973,1.18501056739,1.18483858627,1.25706214689,1.17213450053,1.16262743422,1.11663452611,1.41728241425,1.19593938942
2015-04-14,1.11813063063,1.32882639264,1.32496630728,1.26343875069,1.1493603811,1.16175736395,1.08790540541,1.17948301089,1.19240163621,1.2642481911,1.17941585535,1.16012453452,1.12227698022,1.41596017734,1.21803388818
2015-04-15,1.1088963964,1.29015684154,1.29818059299,1.23660048654,1.14976181555,1.16749875187,1.08513513514,1.15590960819,1.182837468,1.24610962434,1.17483432872,1.15804895916,1.13449039354,1.37201524461,1.21654101665
2015-04-16,1.15574324324,1.33153055706,1.33440026954,1.26069214471,1.19801423754,1.21143285072,1.12121621622,1.18907494716,1.22262440776,1.28159381505,1.2167225722,1.19895000305,1.17798728662,1.40063778486,1.25408673584
2015-04-17,1.19234234234,1.34252749234,1.36531334232,1.29341599309,1.21677460793,1.25237144284,1.12831081081,1.22386603804,1.24666725523,1.29859252651,1.24404810603,1.21390635492,1.19877151632,1.41331570351,1.30738224976
2015-04-20,1.20619369369,1.32675319993,1.3479615903,1.2832927882,1.19073489268,1.24296888001,1.08709459459,1.21882620712,1.22550837233,1.26801466944,1.22130409883,1.19412734265,1.17948717949,1.38461538462,1.33074568933
2015-04-21,1.2356981982,1.38471245718,1.38022237197,1.30542258495,1.20912059091,1.23839241138,1.1122972973,1.24402536173,1.24604926282,1.28991971454,1.23496686574,1.21109822355,1.18877223055,1.42334914832,1.33395536314
2015-04-22,1.26576576577,1.41409771047,1.40987196765,1.33940202464,1.24091420007,1.26510234648,1.14587837838,1.2718257194,1.27868514758,1.32654376053,1.26777386894,1.23569989622,1.21177058782,1.45064945166,1.35918489214
2015-04-23,1.27454954955,1.42302145304,1.42444407008,1.34811268932,1.23133329765,1.25969379264,1.13506756757,1.31116891562,1.27530090345,1.33407671722,1.26229239957,1.22574934375,1.20219984287,1.44730497006,1.38038366799
2015-04-24,1.27274774775,1.4313142239,1.43539420485,1.34976065291,1.21294759942,1.25453486437,1.10358108108,1.30206470493,1.26394161443,1.31028843295,1.24584799149,1.20651974849,1.1851296336,1.43999377771,1.38553407479
2015-04-27,1.30495495495,1.44140977105,1.46217991914,1.3831907714,1.24433977413,1.30862040273,1.13290540541,1.33734352138,1.29619493246,1.33556348498,1.28413646404,1.24198766864,1.22884079709,1.45134945944,1.44756288721
2015-04-28,1.28265765766,1.39120245178,1.42090633423,1.35956995998,1.234785634,1.30845398569,1.13614864865,1.30856771257,1.28198110709,1.31177520071,1.27505522376,1.23661559123,1.23469752161,1.4099712219,1.44293498544
2015-04-29,1.28063063063,1.42094826032,1.44440700809,1.37502942792,1.234785634,1.29963388251,1.13371621622,1.33084051374,1.28786674907,1.31593815046,1.27775505195,1.23765337891,1.22984072566,1.43462705141,1.43696349929
2015-04-30,1.27308558559,1.41373715522,1.4389319407,1.37659891705,1.22327784617,1.28914960892,1.11797297297,1.29848805072,1.28068626585,1.31028843295,1.26867381167,1.23753128625,1.22741232769,1.43999377771,1.43181309248
2015-05-04,1.2990990991,1.4188750676,1.4560309973,1.3938632975,1.23095862549,1.30795473456,1.12256756757,1.30157697935,1.29201612666,1.3344236297,1.28143663585,1.25364751847,1.24183986858,1.44396048845,1.46577591998
2015-05-05,1.2384009009,1.36947899766,1.40566037736,1.33861728008,1.18535567093,1.26360459311,1.07810810811,1.24565111364,1.24251787764,1.27217761919,1.23406692301,1.1974238447,1.18291550604,1.39931554795,1.39240128387
2015-05-06,1.22939189189,1.35884261763,1.38856132075,1.31813544691,1.18193009688,1.240888667,1.08027027027,1.21931393269,1.23295370943,1.24422638517,1.22490386975,1.19504303767,1.17163059781,1.39931554795,1.36179741733
2015-05-07,1.19099099099,1.34252749234,1.35630053908,1.27905516754,1.16544452176,1.20011649193,1.07081081081,1.18614859372,1.20805744387,1.20155615026,1.19946003436,1.16897625298,1.1442754089,1.36929299214,1.3079047548
2015-05-08,1.20585585586,1.37128177393,1.38830862534,1.31946951267,1.17119841567,1.22033616242,1.07540540541,1.21037229719,1.22668550072,1.23064723957,1.21402274401,1.18729015323,1.1582029855,1.40732674807,1.3411957901
2015-05-11,1.23400900901,1.41256535064,1.43118261456,1.36702503335,1.19303645025,1.24945914462,1.09682432432,1.25166639571,1.25805597246,1.27178114778,1.24404810603,1.21885110799,1.18484393972,1.45733841487,1.38277226245
2015-05-12,1.24504504505,1.42599603389,1.44962938005,1.3938632975,1.19991436065,1.26618405725,1.10087837838,1.25816940335,1.27250522351,1.28764000396,1.25681093021,1.22611562176,1.1929147918,1.47997199969,1.4052399791
2015-05-13,1.22781531532,1.44077879935,1.45443059299,1.39143058934,1.1826794412,1.24629722084,1.08655405405,1.26174605755,1.26061622671,1.28119734364,1.24134827784,1.21366216959,1.17605885294,1.48331648129,1.38837053072
2015-05-14,1.22849099099,1.42806922661,1.44769204852,1.38326924586,1.17770165391,1.240888667,1.08459459459,1.28840838888,1.2546128719,1.28233719893,1.23676675121,1.20651974849,1.17020212842,1.47266080734,1.38837053072
2015-05-15,1.20686936937,1.40454299621,1.4289083558,1.37165502629,1.15281271744,1.22075220503,1.05939189189,1.26125833198,1.23433683529,1.26236495193,1.21312280128,1.18643550455,1.14548960789,1.45064945166,1.36366350676
2015-05-18,1.18434684685,1.40607535605,1.42149595687,1.36427842737,1.12982390408,1.19703777667,1.03581081081,1.24353763616,1.2167976222,1.25061948657,1.19127873681,1.16842683597,1.12177701593,1.4546161624,1.33582145256
2015-05-19,1.22454954955,1.4443843519,1.45763140162,1.40233853881,1.17312530108,1.23489765352,1.07783783784,1.2754023736,1.25852682381,1.28912677173,1.23586680848,1.20822904585,1.16041711306,1.49661662907,1.37665148914
2015-05-20,1.2329954955,1.46394447449,1.47607816712,1.41238326925,1.17810308837,1.23989016475,1.07648648649,1.27589009917,1.26517759925,1.30121914957,1.24044833511,1.21616506929,1.16477394472,1.50929454772,1.38187653952
2015-05-21,1.24752252252,1.51090679647,1.50867587601,1.43678882524,1.18843333512,1.24546513563,1.08027027027,1.30206470493,1.28053912481,1.33219347805,1.25321115929,1.23020572615,1.17334476109,1.54865054056,1.39964171083
2015-05-22,1.29346846847,1.54182440959,1.53706199461,1.46927725026,1.22442862495,1.27983025462,1.11472972973,1.3459600065,1.31514669963,1.36539795817,1.28871799067,1.2656736463,1.20977073066,1.58061756242,1.44181533179
2015-05-25,1.34470720721,1.59049936903,1.58389487871,1.51385074158,1.26082534925,1.32434681311,1.14263513514,1.38384002601,1.35555163179,1.41143820002,1.32872453571,1.30419388316,1.24526819513,1.61266236292,1.49346868702
2015-05-26,1.3615990991,1.62412114657,1.62483153639,1.54571137095,1.27383182572,1.34015643202,1.15054054054,1.41001463177,1.37609252229,1.434086629,1.34516894379,1.31860081802,1.2545532462,1.65800731119,1.51145778906
2015-05-27,1.34842342342,1.62646475572,1.62710579515,1.55112610845,1.26004924263,1.32725911133,1.14317567568,1.4347260608,1.36858832877,1.43448310041,1.3351059478,1.3076735242,1.24183986858,1.66267402971,1.5016048369
2015-05-28,1.26362612613,1.52307553633,1.52771226415,1.44730440242,1.17962853931,1.24055583292,1.0647972973,1.33132823931,1.27853800653,1.3348201011,1.2431481633,1.22281911971,1.16920219984,1.56397293303,1.40822572218
2015-05-29,1.25878378378,1.53109789075,1.53967318059,1.44981558503,1.17465075202,1.23215177234,1.05939189189,1.32531295724,1.27588946764,1.33293686193,1.23954839238,1.22483364874,1.16384543961,1.58263980711,1.39202806598
2015-06-01,1.30844594595,1.6027582477,1.61775606469,1.52570038452,1.22405395279,1.28781827259,1.10797297297,1.39440741343,1.3350107413,1.41599762117,1.29689928823,1.28331603687,1.21734161846,1.66267402971,1.46040158244
2015-06-02,1.32297297297,1.64611501713,1.65549191375,1.56470218944,1.22903174008,1.29855217174,1.10959459459,1.42367094781,1.35222624408,1.44806224601,1.30966211241,1.29863866675,1.22741232769,1.71595239947,1.49085616183
2015-06-03,1.3045045045,1.63656030287,1.64647911051,1.56893981009,1.22367928063,1.30046596772,1.10932432432,1.43066168103,1.35028398223,1.44503915155,1.30966211241,1.30559794884,1.2344832512,1.71533017034,1.49137866687
2015-06-04,1.30720720721,1.62258878673,1.64226752022,1.5714509927,1.24626665953,1.32151772341,1.14209459459,1.46545277191,1.36561607957,1.46654772525,1.33060623415,1.32372871009,1.2616241697,1.72334137046,1.49473762783
2015-06-05,1.32240990991,1.63628988643,1.65582884097,1.60346857098,1.24779211047,1.33949076385,1.14263513514,1.51390017883,1.37847620729,1.49712558232,1.3414873599,1.33599902326,1.27433754732,1.72528583651,1.53706053594
2015-06-08,1.36362612613,1.65503875969,1.68295148248,1.61924193675,1.30600010705,1.39665501747,1.19932432432,1.52397984068,1.42211824255,1.53112300525,1.38885707273,1.3776936695,1.32983358332,1.73065256281,1.58483242517
2015-06-09,1.36891891892,1.65503875969,1.67713948787,1.61822176881,1.28954129422,1.38001331336,1.18709459459,1.54674036742,1.40978782261,1.53374962831,1.36791295099,1.36163848361,1.31269195057,1.72995255503,1.56587295663
2015-06-10,1.35945945946,1.69127456283,1.68236185984,1.62661853567,1.27423326018,1.35205525046,1.17574324324,1.54413916436,1.40184220594,1.52923976608,1.35425018408,1.35870825957,1.29926433826,1.75997511083,1.54004627902
2015-06-11,1.3509009009,1.70488552371,1.67975067385,1.63093463078,1.2661778087,1.33749375936,1.16864864865,1.55324337506,1.39851681822,1.52963623749,1.34696882926,1.35754837922,1.29097921577,1.77133079256,1.52855116817
2015-06-12,1.35011261261,1.73490174869,1.69558625337,1.6449815585,1.26770325965,1.33982359794,1.17331081081,1.5652739392,1.40504988082,1.56586381207,1.35065041316,1.36261522496,1.29833583315,1.77996422182,1.53526909009
2015-06-15,1.32207207207,1.7061474671,1.66391509434,1.61845719218,1.234785634,1.30720585788,1.14506756757,1.53357177695,1.37412083223,1.56056100704,1.3187433527,1.32336243209,1.26948075137,1.73127479194,1.50884526387
2015-06-16,1.27882882883,1.66125833784,1.61969339623,1.56517303618,1.20566825456,1.2615243801,1.12831081081,1.4765078849,1.33536387982,1.49940529289,1.27775505195,1.2830108052,1.23912577673,1.69129656996,1.44495036202
2015-06-17,1.28986486486,1.67847485127,1.63872978437,1.59342384054,1.21755071455,1.28790148111,1.13641891892,1.53097057389,1.35375651099,1.53602933888,1.29869917369,1.30309504914,1.25719591458,1.7059967333,1.4802567739
2015-06-18,1.24087837838,1.62258878673,1.57774595687,1.53660833399,1.16354439865,1.23048760193,1.08817567568,1.47813363681,1.29769577117,1.50203191595,1.24404810603,1.2460167267,1.20634240411,1.6346737186,1.42457266552
2015-06-19,1.17454954955,1.51865873445,1.47641509434,1.43537628502,1.10263341005,1.16433682809,1.02986486486,1.36872053325,1.22074100232,1.40048567747,1.1712345578,1.16799951163,1.13763302621,1.53861709575,1.32425169814
2015-06-23,1.20292792793,1.54570037858,1.5028638814,1.46849250569,1.14208103624,1.20802130138,1.06567567568,1.39343196228,1.25876224949,1.41485776588,1.20674138918,1.20395580245,1.1782729805,1.56265069612,1.36343957602
2015-06-24,1.22398648649,1.57778979629,1.54059973046,1.50670956604,1.1581651769,1.22965551672,1.08162162162,1.45130873029,1.28312880727,1.45752800079,1.23128528185,1.22727550211,1.20462824084,1.58800653341,1.41322684183
2015-06-25,1.17646396396,1.50793221561,1.48121630728,1.45334693557,1.11949365734,1.19495756365,1.04885135135,1.39440741343,1.23863335393,1.40504509862,1.19127873681,1.18185702949,1.16770230698,1.51528350315,1.36627603195
2015-06-26,1.08716216216,1.38976023076,1.36177560647,1.33406576159,1.04059840497,1.11324679647,0.976959459459,1.28190538124,1.14431594126,1.29784914263,1.1020207805,1.0954154203,1.09413613313,1.39394882165,1.25386280511
2015-06-29,1.05585585586,1.33234180638,1.30761455526,1.27772110178,1.01723491945,1.08736894658,0.961756756757,1.23947325638,1.10867837909,1.2642481911,1.07011372004,1.06934863561,1.08927933719,1.34261491794,1.22564753303
2015-06-30,1.12804054054,1.41590048675,1.39277291105,1.35344895237,1.0903762779,1.15901148278,1.02932432432,1.28840838888,1.18330831935,1.33595995639,1.14390902397,1.14522922898,1.15970287837,1.43400482228,1.3062625961
2015-07-01,1.07162162162,1.35974400577,1.32437668464,1.27983991211,1.03982229835,1.10009985022,0.982094594595,1.20630791741,1.12339248404,1.25364258103,1.08377648695,1.09028752823,1.10756374545,1.37730419227,1.23236545495
2015-07-02,1.05675675676,1.29853975122,1.26625673854,1.20207172565,1.0313921747,1.07779996672,0.974527027027,1.12762152496,1.0890497631,1.19892952721,1.05555101039,1.05829924913,1.09049353618,1.32262580695,1.16824662238
2015-07-03,1.00844594595,1.23526230395,1.20005053908,1.12626540061,0.98506663812,1.01938758529,0.930878378378,1.04194439928,1.02998734587,1.11700862325,1.00179988546,1.00787497711,1.03592600529,1.26063622929,1.08994551019
2015-07-06,1.07342342342,1.25752659095,1.23947102426,1.12712861963,1.04902852861,1.07147611915,0.992432432432,1.04291985043,1.07251110915,1.15135295867,1.0491695983,1.05781087846,1.10049282194,1.28599206658,1.12540120923
2015-07-07,1.09358108108,1.19010275825,1.21394878706,1.07925920113,1.07429213724,1.09302712598,1.02033783784,0.994472443505,1.07183426032,1.13400733472,1.0528511822,1.07227885965,1.14548960789,1.25729174769,1.1138314548
2015-07-08,1.01925675676,1.12114656571,1.14555256065,1.00431609511,0.997698442434,1.01772341488,0.942567567568,0.920338156397,0.994850063271,1.06492219249,0.9772559928,0.995055246932,1.06356688808,1.1926576962,1.02828991565
2015-07-09,1.09966216216,1.1956913647,1.2130222372,1.06678176254,1.06243643954,1.08245964387,0.998648648649,0.985855958381,1.060151261,1.13777381306,1.04368812894,1.06299981686,1.12591957717,1.23800264447,1.112562514
2015-07-10,1.15619369369,1.27239949522,1.27686994609,1.1356823354,1.1080126318,1.13554667998,1.03527027027,1.0525117867,1.11500544422,1.20343938943,1.0983391966,1.11250839387,1.16677380187,1.27463638485,1.19944763753
2015-07-13,1.15011261261,1.33297277808,1.31696428571,1.20536765283,1.09690627843,1.13662839075,1.02168918919,1.11851731426,1.13242694447,1.24159976212,1.11110202078,1.12337464135,1.1589172202,1.32534805942,1.24087482272
2015-07-14,1.0990990991,1.31782945736,1.29497978437,1.19587224358,1.05668254563,1.09752038609,0.987567567568,1.09835799057,1.10264559607,1.21781147785,1.07379530394,1.08900555522,1.11884865367,1.33328148091,1.18384712995
2015-07-15,1.09977477477,1.25157742924,1.24755727763,1.11457270658,1.05475566023,1.07946413713,0.983513513514,1.03690456836,1.07280539125,1.1698384379,1.0454880144,1.06849398694,1.11420612813,1.28264758497,1.126147645
2015-07-16,1.09808558559,1.27149810708,1.25758086253,1.13450521855,1.04902852861,1.07963055417,0.974527027027,1.05348723785,1.07668991495,1.17667756963,1.04826965557,1.06812770893,1.10734947504,1.2819475772,1.13704560723
2015-07-17,1.12488738739,1.32522084009,1.30786725067,1.19289021424,1.07391746508,1.11249791979,0.994324324324,1.10486099821,1.11421088255,1.21627515115,1.08287654422,1.09895610769,1.12834797514,1.33398148868,1.18183175338
2015-07-20,1.11824324324,1.32314764738,1.31047843666,1.20834968218,1.06511266927,1.11391246464,0.984594594595,1.11802958868,1.11374003119,1.21929824561,1.07829501759,1.09407240095,1.1242054139,1.33997044412,1.17697992088
2015-07-21,1.10945945946,1.33153055706,1.31081536388,1.21619712783,1.0608842263,1.11241471127,0.976689189189,1.13119817916,1.11403431329,1.23025076816,1.07919496032,1.09266833527,1.12106278123,1.34463716264,1.18168246622
2015-07-22,1.09887387387,1.34126554895,1.31367924528,1.22796829632,1.04940320077,1.10675653187,0.965067567568,1.14371646887,1.11056178453,1.22762414511,1.07379530394,1.08393870948,1.10784943933,1.35599284436,1.18033888184
2015-07-23,1.12286036036,1.37786190734,1.34467654987,1.26642078004,1.06893967778,1.12447994675,0.983243243243,1.1775321086,1.13692946058,1.25101595797,1.09473942567,1.10561015811,1.12813370474,1.38663762931,1.21101739195
2015-07-24,1.10709459459,1.35559762034,1.32471361186,1.25119673546,1.04977787293,1.11116658346,0.966148648649,1.1648512437,1.11930196286,1.22990385568,1.07829501759,1.08833404554,1.11077780159,1.35467060745,1.19392401284
2015-07-27,1.00608108108,1.24887326483,1.21108490566,1.14659028486,0.955949258684,1.01389582293,0.883986486486,1.06714355389,1.02207115741,1.12682129051,0.985437290354,0.996215127282,1.01785586744,1.24928054756,1.08546689557
2015-07-28,0.992567567568,1.24923382008,1.19718665768,1.14243113866,0.952898356795,1.00507571975,0.891554054054,1.04243212486,1.01901062358,1.12305481217,0.985437290354,0.996154080947,1.01542746947,1.24733608151,1.07546465627
2015-07-29,1.01768018018,1.29349197765,1.24014487871,1.19469512674,0.970507948402,1.03486437011,0.899121621622,1.08470167452,1.04870368735,1.16607195956,1.01366276691,1.02380807033,1.03249767874,1.28863654041,1.11793685153
2015-07-30,0.995157657658,1.25365062196,1.20005053908,1.15969551911,0.945993684098,1.01339657181,0.876621621622,1.05446268899,1.02042317766,1.14382000198,0.986337233085,0.995482571272,1.00707092351,1.25394726608,1.07725610211
2015-07-31,0.989527027027,1.25184784568,1.19811320755,1.15498705171,0.943692126532,1.00615743052,0.876621621622,1.0398309218,1.01721550278,1.14382000198,0.985437290354,1.00048837067,1.00928505107,1.25799175546,1.08210793461
2015-08-03,0.995495495495,1.2513070128,1.19524932615,1.14902299302,0.950971471391,1.00540855384,0.889121621622,1.02780035767,1.01939319031,1.16190900981,0.990918759715,1.00915695013,1.02521248482,1.26328070312,1.10047025453
2015-08-04,1.02173423423,1.29944113935,1.23879716981,1.19689241152,0.971658727185,1.03220169745,0.903243243243,1.0760851894,1.05005738501,1.19516304887,1.01726253784,1.03485745681,1.04206842368,1.30598117757,1.13152198253
2015-08-05,1.00416666667,1.27239949522,1.20813679245,1.16879855607,0.953647701119,1.01547678482,0.882635135135,1.0580393432,1.02830993791,1.16909505402,0.997218358832,1.01593309322,1.02199842868,1.27665862954,1.10733746361
2015-08-06,1.00123873874,1.26194339282,1.1945754717,1.15765518324,0.945993684098,1.00665668164,0.876351351351,1.05348723785,1.01945204673,1.15928238676,0.989937004009,1.00763079177,1.01421327048,1.27066967411,1.09360304546
2015-08-07,1.01655405405,1.28898503696,1.22397237197,1.18621988543,0.959776267195,1.02304876019,0.8875,1.08063729475,1.03852152674,1.17930419269,1.00548146936,1.02344179232,1.02714091851,1.29268102979,1.1148018213
2015-08-10,1.06565315315,1.34721471065,1.28461927224,1.24766538492,1.00267622973,1.07671825595,0.920540540541,1.1468053975,1.08819634502,1.23025076816,1.05375112493,1.07203467432,1.06528105135,1.34261491794,1.17996566395
2015-08-11,1.05608108108,1.35262303948,1.28529312668,1.24790080829,0.992345982979,1.06906307206,0.912162162162,1.16696472118,1.08154556958,1.22688076123,1.0454880144,1.06104633417,1.05428183701,1.33468149646,1.17921922819
2015-08-12,1.04707207207,1.33982332793,1.26305592992,1.23299066154,0.980838195151,1.06207355633,0.899391891892,1.16598927004,1.06895029575,1.20195262167,1.03550683138,1.05152310604,1.04135418899,1.30668118535,1.1710830783
2015-08-13,1.06204954955,1.36361997476,1.28461927224,1.25975045123,0.988518974469,1.07114328507,0.905405405405,1.19411477808,1.08301698008,1.22271781148,1.04736971284,1.06122947317,1.04842511249,1.32262580695,1.19004254684
2015-08-14,1.05945945946,1.37038038579,1.28242924528,1.26194773601,0.987368195686,1.06981194874,0.904324324324,1.19671598114,1.0830758365,1.21895133314,1.04646977011,1.06470911422,1.04649667881,1.32464805165,1.19056505188
2015-08-17,1.05495495495,1.39561925365,1.28849393531,1.28054618222,0.977412621099,1.06040938592,0.894527027027,1.21541212811,1.08295812366,1.23629695708,1.04278818621,1.06122947317,1.03692593386,1.33398148868,1.19907441965
2015-08-18,0.993018018018,1.30746349378,1.19238544474,1.18606293651,0.923004870738,0.996255616575,0.8525,1.11998049098,1.01512609988,1.15249281396,0.978155935531,0.995543617606,0.984572530534,1.25200280003,1.10532208703
2015-08-19,1.00563063063,1.33207138994,1.21462264151,1.21313662403,0.93143499438,1.00723914129,0.860675675676,1.13168590473,1.03010505871,1.17667756963,0.992718645177,1.01019473781,0.99435754589,1.28264758497,1.13204448757
2015-08-20,0.973536036036,1.28844420407,1.18295148248,1.16997567292,0.903869828186,0.976784822766,0.837567567568,1.09380588522,0.997057179012,1.13589057389,0.963593225886,0.979183200049,0.971430612099,1.2406471183,1.10330671046
2015-08-21,0.938963963964,1.22606814494,1.12264150943,1.11009966256,0.871300112402,0.942669329339,0.80722972973,1.04844740693,0.95509255172,1.07850133809,0.925304753334,0.935168793114,0.939647168059,1.1872909699,1.05538553407
2015-08-24,0.853941441441,1.11880295655,1.02190026954,1.01522404457,0.790130064765,0.861124979198,0.734864864865,0.956592423996,0.869691886643,0.978838338785,0.844228094576,0.850680666626,0.859152917649,1.08602317804,0.959169963425
2015-08-25,0.800563063063,1.04597079502,0.946428571429,0.93855450051,0.735722314403,0.7951406224,0.687094594595,0.864900016258,0.807568935582,0.898800674001,0.783195614825,0.790000610463,0.804442539819,1.01267791864,0.880644920505
2015-08-26,0.806756756757,1.04506940689,0.940616576819,0.914305893432,0.746453995611,0.790896987852,0.704459459459,0.825069094456,0.806097525088,0.897660818713,0.781395729363,0.799157560588,0.824441111349,1.00396671074,0.864297977159
2015-08-27,0.861711711712,1.10248783126,0.994777628032,0.956682099976,0.803912647862,0.844732900649,0.754324324324,0.861323362055,0.858362025838,0.954306670631,0.831465270392,0.857762041389,0.881651310621,1.05195613285,0.915503470926
2015-08-28,0.894031531532,1.15026140256,1.04388477089,1.00886761359,0.828426912166,0.879181228158,0.771689189189,0.922776784263,0.89267531856,1.00074338388,0.863372330852,0.888407301142,0.904435397472,1.09201213347,0.965290736732
2015-08-31,0.912162162162,1.13448711015,1.03512466307,1.0005493212,0.847561954718,0.89607255783,0.783648648649,0.906194114778,0.902062917513,0.99732381802,0.874335269574,0.896526463586,0.925648167988,1.08998988878,0.978278719116
2015-09-01,0.911261261261,1.09915269515,1.0241745283,0.987679510319,0.854841299577,0.901231486104,0.796959459459,0.896114452934,0.902357199612,0.992417484389,0.878834983228,0.896770648923,0.939861438469,1.07801197791,0.984399492424
2015-09-02,0.913063063063,1.09951325041,1.03091307278,0.981087655968,0.860193759032,0.904892661008,0.800743243243,0.869939847179,0.903446043377,1.00337000694,0.881616624397,0.901288077651,0.947218055853,1.08135645952,0.987758453385
2015-09-07,0.87759009009,1.08076437714,1.00025269542,0.963587852154,0.81847133758,0.864619737061,0.76277027027,0.862786538774,0.870074453371,0.970561998216,0.847009735744,0.863744582138,0.900221412756,1.04728941433,0.949317011271
2015-09-08,0.897072072072,1.1125833784,1.02931266846,0.995762379346,0.836080929187,0.880762190048,0.780675675676,0.888635994147,0.89285188782,0.998860144712,0.867953857482,0.886392772114,0.917648739376,1.07863420705,0.971262222886
2015-09-09,0.911936936937,1.12862808725,1.05129716981,1.01836302284,0.847963389177,0.894241970378,0.792567567568,0.919850430824,0.908860833995,1.01694915254,0.882516567128,0.901288077651,0.929076494536,1.09932332581,0.990968127193
2015-09-10,0.907882882883,1.11402559942,1.03579851752,1.00172643804,0.847187282556,0.890996838076,0.790945945946,0.90017883271,0.902298343192,0.998463673308,0.877035097767,0.898907270618,0.929862152703,1.08602317804,0.977756214078
2015-09-11,0.90731981982,1.11375518298,1.03318733154,1.00211881033,0.842209495263,0.883258445665,0.785810810811,0.898715655991,0.899178952944,0.995093666369,0.873435326843,0.897564251267,0.924719662881,1.08267869643,0.972755094424
2015-09-14,0.91509009009,1.08671353885,1.01322439353,0.977006984227,0.854466627415,0.887834914295,0.793918918919,0.85888473419,0.898678673376,0.967142432352,0.877935040497,0.90171540199,0.939861438469,1.07598973322,0.969769351347
2015-09-15,0.888963963964,1.03767802416,0.971276954178,0.918621988543,0.834555478242,0.86145781328,0.776891891892,0.808811575354,0.864247667814,0.929378531073,0.847909678475,0.875465478298,0.920791372045,1.02862254025,0.92632678958
2015-09-16,0.922522522523,1.1027582477,1.02737533693,0.977477830966,0.859444414709,0.890164752871,0.79722972973,0.866363192977,0.902445484241,0.976558628209,0.879734925959,0.904889811367,0.941361331333,1.07995644396,0.974770471001
2015-09-17,0.897635135135,1.06471966829,1.00160040431,0.953229223888,0.841834823101,0.874438342486,0.780945945946,0.84620386929,0.881963450163,0.95242343146,0.862472388121,0.884500335755,0.924433969002,1.0500116668,0.953422408002
2015-09-18,0.900900900901,1.07120966288,1.00606469003,0.957937691281,0.843360274046,0.874188716925,0.780945945946,0.852219151358,0.88520055325,0.955842997324,0.863372330852,0.885721262438,0.924219698593,1.05662285137,0.954318130925
2015-09-21,0.906644144144,1.09653866955,1.02804919137,0.98171545162,0.849087405663,0.881511066733,0.783648648649,0.871890749472,0.89779582708,0.969422142928,0.872453571136,0.894695073561,0.92786229555,1.07995644396,0.965514667463
2015-09-22,0.911486486486,1.10420046872,1.03613544474,0.990426116299,0.857918963764,0.886753203528,0.79472972973,0.884571614372,0.906683146464,0.97621171573,0.879734925959,0.901837494658,0.9367188058,1.08602317804,0.970142569232
2015-09-23,0.887612612613,1.0831079863,1.01288746631,0.967511574982,0.836080929187,0.864203694458,0.776081081081,0.857746707852,0.884523704423,0.950887104768,0.85699091876,0.87973872169,0.914934647525,1.06533405927,0.941554079271
2015-09-24,0.892454954955,1.09383450514,1.01996293801,0.976536137487,0.839533265536,0.866616741554,0.778783783784,0.868314095269,0.889909066831,0.959609475667,0.860672502659,0.882791038398,0.917863009785,1.0713230147,0.947077703964
2015-09-25,0.891103603604,1.06769424914,1.00320080863,0.950953464647,0.837606380132,0.860292893992,0.779864864865,0.847667046009,0.879726906212,0.945980771137,0.851509449399,0.876259080642,0.91929147918,1.05195613285,0.93334328581
2015-09-28,0.886486486486,1.07842076798,1.0070754717,0.958330063564,0.832628592838,0.854551506074,0.775472972973,0.852219151358,0.878932344545,0.950143720884,0.850609506668,0.875770709969,0.913220484251,1.05802286692,0.930581473464
2015-09-29,0.869031531532,1.06057328286,0.99090296496,0.93831907714,0.816544452176,0.836744882676,0.7625,0.826532271175,0.861363703246,0.930171473882,0.83424691156,0.860448080093,0.897293050496,1.03663374037,0.909009479734
2015-09-30,0.877252252252,1.06589147287,0.995114555256,0.943969238013,0.823823797035,0.844566483608,0.767364864865,0.829621199805,0.868073335099,0.938447814451,0.842428209114,0.869727122886,0.904149703593,1.03865598507,0.914383817273
2015-10-08,0.897072072072,1.10807643771,1.03066037736,0.976850035314,0.840684044318,0.864037277417,0.780675675676,0.860347910909,0.890703628498,0.963375954009,0.86157244539,0.888041023137,0.917863009785,1.07466749631,0.942449802195
2015-10-09,0.905292792793,1.11700018028,1.04253706199,0.991838656517,0.851014291067,0.874022299884,0.792837837838,0.880019509023,0.90276919455,0.974675389038,0.872453571136,0.897381112264,0.927362331262,1.08664540717,0.951183100694
2015-10-12,0.930968468468,1.14431224085,1.07420822102,1.02283606686,0.875153883209,0.900482609419,0.814527027027,0.914810599902,0.929754863012,1.00753295669,0.898879162235,0.921555460595,0.948646525248,1.11666796298,0.983130551616
2015-10-13,0.927815315315,1.14936001442,1.07841981132,1.02911402339,0.870550768078,0.897736728241,0.809121621622,0.9112339457,0.928989729555,1.00792942809,0.896179334042,0.919418838899,0.943075494608,1.12063467372,0.980891244308
2015-10-14,0.923986486486,1.13304488913,1.0667958221,1.01545946794,0.86404752984,0.889915127309,0.802364864865,0.908307592261,0.92016126659,0.99430072356,0.887998036489,0.910872352115,0.935004642526,1.10469005211,0.969918638501
2015-10-15,0.939189189189,1.16306111412,1.09358153639,1.04041434513,0.880506342664,0.908221001831,0.816689189189,0.933994472444,0.939878167211,1.01888195064,0.906160517058,0.928209511019,0.949432183415,1.13463482928,0.992237068
2015-10-16,0.949099099099,1.17964665585,1.10781671159,1.05995448482,0.890087245089,0.920951905475,0.824594594595,0.948138514063,0.953032577028,1.03434433541,0.91712345578,0.939319943837,0.957931576316,1.15400171113,1.00559826827
2015-10-19,0.94268018018,1.18559581756,1.10874326146,1.0616024484,0.888160359685,0.91562656016,0.824864864865,0.946025036579,0.952238015362,1.03850728516,0.914341814612,0.9365728588,0.955288907935,1.15267947422,1.00134358438
2015-10-20,0.947184684685,1.19424914368,1.12323113208,1.07627717178,0.895065032382,0.928939923448,0.827297297297,0.952040318647,0.962008181042,1.04455347408,0.925304753334,0.945851901593,0.961359902864,1.17064634051,1.01380906173
2015-10-21,0.940765765766,1.14169821525,1.08675876011,1.02087420545,0.896215811165,0.922366450325,0.827567567568,0.901154283856,0.943615549866,1.01506591337,0.913441871881,0.937549600147,0.966788086565,1.13401260014,0.988355602
2015-10-22,0.944031531532,1.17495943753,1.10360512129,1.05045907557,0.893138146979,0.921035113996,0.824054054054,0.929930092668,0.951767164003,1.02790167509,0.916223513049,0.939930407179,0.961645596743,1.15734619274,1.00171680227
2015-10-23,0.949662162162,1.20046872183,1.11809299191,1.06686023699,0.897366589948,0.923364952571,0.83,0.942448382377,0.960448485919,1.04301714739,0.920723226704,0.947194920945,0.96550246411,1.17266858521,1.00858401135
2015-10-26,0.949887387387,1.20758968812,1.12390498652,1.07415836145,0.899668147514,0.925112331503,0.833513513514,0.944074134287,0.964745004561,1.04752700961,0.925304753334,0.951712349673,0.967216627384,1.17795753286,1.01022617004
2015-10-27,0.948310810811,1.20795024337,1.12264150943,1.0758847995,0.899668147514,0.926360459311,0.831891891892,0.942448382377,0.965568994438,1.04792348102,0.924404810603,0.949087357304,0.96550246411,1.17329081434,1.0048518325
2015-10-28,0.932995495495,1.1832522084,1.09871967655,1.05108687122,0.885109457796,0.90963554668,0.818918918919,0.925865712892,0.947382360731,1.03771434235,0.908042215495,0.933947866431,0.954503249768,1.1513572373,0.988878107039
2015-10-29,0.934234234234,1.19334775554,1.10133086253,1.05603076199,0.883557244554,0.908221001831,0.817567567568,0.928466915949,0.948324063447,1.04073743681,0.908042215495,0.935596117453,0.954074708949,1.15330170335,0.990594909308
2015-10-30,0.935022522523,1.19217595096,1.10032008086,1.05414737503,0.88585880212,0.908221001831,0.820810810811,0.917249227768,0.949030340484,1.03583110318,0.908942158226,0.936939136805,0.954288979359,1.15065722952,0.986489512577
2015-11-02,0.922522522523,1.17162430142,1.08549528302,1.03272384839,0.873601669967,0.893326676652,0.809121621622,0.898715655991,0.933374532827,1.01922886312,0.894379448581,0.925035101642,0.944718234412,1.12934588162,0.96753004404
2015-11-03,0.920157657658,1.163601947,1.08162061995,1.02989876795,0.870550768078,0.889166250624,0.80777027027,0.898065355227,0.930343427209,1.0131826742,0.891597807412,0.924180452964,0.941575601743,1.1246791631,0.963797865194
2015-11-04,0.952477477477,1.20966288084,1.12971698113,1.07878835439,0.907322164535,0.92777500416,0.846283783784,0.938546577792,0.971866631353,1.05248290217,0.930786222695,0.963128014163,0.97407328048,1.17531305903,1.00261252519
2015-11-05,0.978040540541,1.21416982153,1.15069070081,1.09589578592,0.933361879784,0.957147611915,0.871216216216,0.952040318647,0.995173773579,1.07513133115,0.959011699256,0.987851779501,0.998071566317,1.18464649607,1.03344032246
2015-11-06,0.995608108108,1.23409049937,1.17393867925,1.1188888017,0.953273028957,0.974871026793,0.894527027027,0.968785563323,1.01630322827,1.09133709981,0.979955820993,1.00683718943,1.00999928577,1.20735785953,1.04665223558
2015-11-09,1.01306306306,1.24833243195,1.18623652291,1.12705014518,0.968206390837,0.991928773506,0.908648648649,0.97935295074,1.0291927842,1.11061552186,0.991818702446,1.02051156828,1.02914077566,1.22330248114,1.05949093081
2015-11-10,1.01092342342,1.24445646295,1.18008760108,1.12720709409,0.964004710164,0.985188883342,0.907837837838,0.995935620224,1.02636767605,1.11324214491,0.988137118547,1.01391856419,1.02249839297,1.21801353348,1.05501231619
2015-11-11,1.00168918919,1.24977465297,1.18657345013,1.13113081692,0.957474709629,0.982110168081,0.902702702703,0.988457161437,1.02363085254,1.11135890574,0.984537347623,1.00836334778,1.01371330619,1.222680252,1.05351944465
2015-11-12,0.993243243243,1.24328465837,1.18101415094,1.12147845876,0.946769790719,0.968547179231,0.891283783784,0.987969435864,1.01291898414,1.09584696204,0.97267446617,0.995848849277,1.00292836226,1.21334681496,1.04217362096
2015-11-13,0.978153153153,1.2277807824,1.16972708895,1.1087655968,0.936038109511,0.954651356299,0.883986486486,0.964721183547,1.00144198228,1.08112796115,0.961711527448,0.98681399182,0.994643239769,1.19467994089,1.02806598492
2015-11-16,0.976801801802,1.23733549666,1.17815026954,1.11606372126,0.935663437349,0.954068896655,0.882905405405,0.97626402211,1.00409052117,1.0920804837,0.960811584717,0.990904096209,0.990000714235,1.20868009645,1.03217138165
2015-11-17,0.977815315315,1.22958355868,1.17713948787,1.11229694734,0.937964994915,0.957397237477,0.885608108108,0.970248740042,1.00444365969,1.0920804837,0.963593225886,0.990537818204,0.991929147918,1.19934665941,1.03157423304
2015-11-18,0.971734234234,1.21471065441,1.16652628032,1.09825001962,0.932987207622,0.953486437011,0.880202702703,0.958218175906,0.995997763456,1.0856873823,0.956311871063,0.989072706184,0.989500749946,1.18534650385,1.02582667761
2015-11-19,0.980968468468,1.23192716784,1.18657345013,1.11574982343,0.943692126532,0.962140123149,0.891283783784,0.971224191188,1.00935817074,1.09698681733,0.967192996809,1.00170929736,1.00049996429,1.20331337015,1.04030753154
2015-11-20,0.982995495495,1.23643410853,1.18623652291,1.1177901593,0.942942782208,0.959477450491,0.888851351351,0.977239473256,1.00953474,1.09738328873,0.967192996809,1.00360173372,1.00099992858,1.20798008867,1.04105396731
2015-11-23,0.978378378378,1.23228772309,1.17747641509,1.11009966256,0.93949044586,0.954152105176,0.883986486486,0.971224191188,1.00438480327,1.09584696204,0.962611470179,1.00030523167,0.998571530605,1.19996888854,1.03157423304
2015-11-24,0.97286036036,1.23048494682,1.18008760108,1.1105705093,0.936038109511,0.949409219504,0.883445945946,0.970736465615,1.00247196963,1.09510357815,0.959911641986,0.995055246932,0.993429040783,1.20463560706,1.02657311338
2015-11-25,0.977815315315,1.24716062737,1.19204851752,1.1206937142,0.940239790184,0.952155100682,0.88777027027,0.982441879369,1.00900503222,1.10491624542,0.966293054078,0.999389536658,0.997285908149,1.22128023645,1.03269388669
2015-11-26,0.97545045045,1.24418604651,1.18623652291,1.11394491093,0.937188888294,0.948077883175,0.882364864865,0.987969435864,1.00444365969,1.09966299931,0.961711527448,0.993712227581,0.992429112206,1.21529128101,1.02933492573
2015-11-27,0.924662162162,1.18298179196,1.1207041779,1.05116534568,0.8939142536,0.896821434515,0.840878378378,0.92228905869,0.952914864189,1.04490038656,0.913441871881,0.942250167877,0.950646382401,1.15734619274,0.975367619616
2015-11-30,0.924887387387,1.18559581756,1.12550539084,1.05391195166,0.894288925761,0.898652021967,0.843040540541,0.918387254105,0.954356846473,1.04831995242,0.913441871881,0.946401318601,0.958431540604,1.16730185891,0.975666193924
2015-12-01,0.93018018018,1.19839552911,1.13620283019,1.06434905438,0.89774126211,0.902396405392,0.844932432432,0.922776784263,0.96015420382,1.04980672019,0.91712345578,0.954520481045,0.963574030426,1.17196857743,0.985892363962
2015-12-02,0.969594594595,1.21741481882,1.16265161725,1.08694969787,0.940239790184,0.941504410052,0.889391891892,0.940985205658,0.996645184073,1.08266428784,0.955330115356,0.995116293267,1.01049925005,1.19397993311,1.0223184295
2015-12-03,0.968018018018,1.2290427258,1.17520215633,1.09699442831,0.941390568966,0.947911466134,0.891283783784,0.951064867501,1.00094170272,1.0920804837,0.958111756525,0.996520358952,1.01199914292,1.20199113323,1.02418451892
2015-12-04,0.945045045045,1.21678384712,1.15330188679,1.07965157341,0.917277739121,0.924280246297,0.866621621622,0.935457649163,0.978782260675,1.06868867083,0.93528593635,0.973322751969,0.986072423398,1.18534650385,1.00246323804
2015-12-07,0.947972972973,1.2284117541,1.15582884097,1.08647885113,0.9165016325,0.92020302879,0.86472972973,0.941472931231,0.980665666108,1.07171176529,0.937167634787,0.978694829375,0.986286693808,1.19397993311,1.00223930731
2015-12-08,0.933896396396,1.20200108167,1.13325471698,1.06560464569,0.905020606969,0.902479613912,0.856283783784,0.912209396846,0.965245284129,1.04945980771,0.924404810603,0.96734021122,0.976573101921,1.16862409582,0.982981264462
2015-12-09,0.934346846847,1.20704885524,1.13653975741,1.06607549243,0.906920730075,0.905308703611,0.857905405405,0.912209396846,0.966863835673,1.05322628605,0.925304753334,0.96807276723,0.975787443754,1.17064634051,0.987012017616
2015-12-10,0.931193693694,1.20407427438,1.13552897574,1.06089617829,0.902344377241,0.896488600433,0.855202702703,0.908307592261,0.962331891351,1.04678362573,0.918923341242,0.961418716806,0.969216484537,1.17399082212,0.979249085616
2015-12-11,0.92545045045,1.19451956012,1.12811657682,1.05446127286,0.896965155489,0.890913629556,0.85277027027,0.908795317834,0.957005385362,1.03771434235,0.910742043688,0.952994322691,0.961645596743,1.16333514817,0.974024035232
2015-12-14,0.94954954955,1.21236704525,1.15296495957,1.08208428157,0.923004870738,0.919953403228,0.882635135135,0.941960656804,0.984844471911,1.06075924274,0.938067577518,0.974848910323,0.985072494822,1.18200202224,1.00186608942
2015-12-15,0.941216216216,1.21380926627,1.15363881402,1.08059326689,0.911898517369,0.908886669995,0.869324324324,0.933994472444,0.976575144934,1.05624938051,0.928986337233,0.967462303889,0.974358974359,1.18534650385,0.993356721654
2015-12-16,0.940765765766,1.21083468542,1.15136455526,1.08200580711,0.909222287641,0.907056082543,0.868513513514,0.944074134287,0.975398016539,1.05471305382,0.928004581527,0.964104755509,0.972359117206,1.18402426694,0.992759573039
2015-12-17,0.952927927928,1.23436091581,1.17621293801,1.1046064506,0.921104747632,0.921451156598,0.880202702703,0.957080149569,0.991406962714,1.07473485975,0.943549046879,0.983517489775,0.98557245911,1.20798008867,1.01134582369
2015-12-18,0.959234234234,1.24058049396,1.17166442049,1.1028015381,0.926858641546,0.923032118489,0.884256756757,0.953178344985,0.994290927283,1.07399147586,0.946248875072,0.991331420548,0.992929076495,1.20930232558,1.01171904158
2015-12-21,0.988851351351,1.28393726339,1.20266172507,1.1243035392,0.955574586523,0.942669329339,0.90972972973,0.96667208584,1.02124716753,1.10075329567,0.97267446617,1.02624992369,1.02278408685,1.25068056312,1.03605284765
2015-12-22,0.989301801802,1.28366684694,1.20619946092,1.13073844464,0.954049135578,0.941670827093,0.91027027027,0.97626402211,1.02265972161,1.10342947765,0.973574408901,1.02484585801,1.02056995929,1.24733608151,1.03918787788
2015-12-23,0.986936936937,1.27979087795,1.20106132075,1.12548065605,0.956350693143,0.943168580463,0.914054054054,0.961632254918,1.02242429593,1.10114976707,0.975374294363,1.02594469202,1.02278408685,1.2373026367,1.03441068896
2015-12-24,0.977815315315,1.2669911664,1.18910040431,1.11166915169,0.948669913825,0.932767515394,0.906216216216,0.964233457974,1.01215385068,1.09019724452,0.965393111347,1.01806971491,1.01592743375,1.22594695497,1.02343808315
2015-12-25,0.980743243243,1.27203893997,1.19331199461,1.11488660441,0.952898356795,0.936012647695,0.909189189189,0.966184360267,1.01600894618,1.09475666568,0.969974637978,1.02460167267,1.01978430112,1.23061367349,1.02754347988
2015-12-28,0.952927927928,1.24121146566,1.15877695418,1.08388919407,0.923406305197,0.908221001831,0.879391891892,0.941472931231,0.984756187281,1.06720190306,0.938967520249,0.993284903242,0.98850082137,1.20269114101,0.998880346346
2015-12-29,0.958783783784,1.2513070128,1.16652628032,1.09275680766,0.931060322218,0.914461640872,0.888310810811,0.953666070558,0.993319796357,1.07547824363,0.947148817803,1.00091569501,0.996857367331,1.21529128101,1.005822199
2015-12-30,0.960585585586,1.25157742924,1.17267520216,1.09362002668,0.931060322218,0.915210517557,0.8875,0.95561697285,0.993614078456,1.07775795421,0.948948703264,1.00409010439,0.996071709164,1.22532472583,1.00619541688
2015-12-31,0.954166666667,1.24508743465,1.15751347709,1.08467393863,0.926457207087,0.908304210351,0.882635135135,0.943586408714,0.987404726171,1.07057191,0.942649104148,0.99780233197,0.991714877509,1.21801353348,0.9970889005
2016-01-04,0.893693693694,1.15323598341,1.07454514825,1.00455151848,0.870176095916,0.851223165252,0.83027027027,0.870427572752,0.921014684677,1.00148676777,0.879734925959,0.932665893413,0.938147275195,1.1213346815,0.928192879003
2016-01-05,0.901013513514,1.15476834325,1.08002021563,1.00274660598,0.876679334154,0.856298885006,0.836216216216,0.871890749472,0.924752067332,1.00713648528,0.883416509858,0.936389719797,0.943075494608,1.1213346815,0.931477196387
2016-01-06,0.917342342342,1.17108346854,1.10166778976,1.02519030056,0.887785687523,0.871526044267,0.847905405405,0.914322874329,0.94023130573,1.03320448013,0.898879162235,0.949942005983,0.955003214056,1.14396826631,0.956930656117
2016-01-07,0.858333333333,1.08554173427,1.02097371968,0.946244997253,0.836455601349,0.814944250291,0.800202702703,0.839700861649,0.877608075101,0.964119337893,0.837846682484,0.888712532812,0.906149560746,1.05600062223,0.886392475927
2016-01-08,0.87713963964,1.10627366144,1.04708557951,0.968845640744,0.851014291067,0.833333333333,0.816418918919,0.879044057877,0.895441570289,0.989047477451,0.854291090567,0.90611073805,0.921005642454,1.08135645952,0.915727401657
2016-01-11,0.843018018018,1.04299621417,0.989639487871,0.914070470062,0.813868222448,0.796305541687,0.777972972973,0.830596650951,0.850946116948,0.938844285856,0.812402847092,0.864232952811,0.882865509606,1.02263358482,0.87153840412
2016-01-12,0.846846846847,1.04723273842,0.991913746631,0.918857411912,0.817695230959,0.8012148444,0.781756756757,0.821980165827,0.85538977664,0.938447814451,0.817802503477,0.871619559245,0.887293764731,1.0233335926,0.871687691274
2016-01-13,0.836373873874,1.02523886786,0.971866576819,0.892176096681,0.808114328534,0.785738059577,0.774391891892,0.799382214274,0.839292545834,0.923332342155,0.8023398511,0.858189365729,0.878008713663,0.993311036789,0.857803985967
2016-01-14,0.848198198198,1.0510185686,0.992503369272,0.912814878757,0.81806990312,0.79672158429,0.782837837838,0.817915786051,0.853329801948,0.941074437506,0.816902560746,0.87241316159,0.88750803514,1.01330014778,0.872060909159
2016-01-15,0.819144144144,1.01775734631,0.957715633423,0.88009103037,0.795107852058,0.767265768015,0.761418918919,0.780686067306,0.826314705276,0.907869957379,0.791458725354,0.847139979244,0.865509606457,0.985999844443,0.837874150929
2016-01-18,0.818918918919,1.02370650802,0.962179919137,0.886055089069,0.794331745437,0.767099350974,0.759797297297,0.780686067306,0.82799211324,0.906730102091,0.792358668085,0.847262071913,0.863795443183,0.990666562962,0.837874150929
2016-01-19,0.845608108108,1.05669731386,0.993514150943,0.913756572236,0.816544452176,0.794641371276,0.776081081081,0.801820842139,0.85277066596,0.933145009416,0.816002618015,0.87198583725,0.882865509606,1.01734463716,0.866910502351
2016-01-20,0.829279279279,1.03650621958,0.976078167116,0.904575060818,0.801611090296,0.783574638043,0.763581081081,0.797268736791,0.839586827933,0.919318069184,0.803239793831,0.856785300043,0.868437968717,1.00801120012,0.853101440621
2016-01-21,0.808108108108,1.00739138273,0.946681266846,0.871929686887,0.78360006423,0.762606090864,0.746756756757,0.768980653552,0.815897118978,0.893101397562,0.780495786632,0.833099322386,0.851082065567,0.975966399627,0.827871911622
2016-01-22,0.816441441441,1.01658554173,0.957378706199,0.881425096131,0.79125408125,0.770427691796,0.753513513514,0.782149244025,0.824519584474,0.90350877193,0.788677084186,0.84195104084,0.858438682951,0.986622073579,0.837351645891
2016-01-25,0.817905405405,1.02190373175,0.964791105121,0.886918308091,0.792806294492,0.771592611083,0.755743243243,0.794830108925,0.827374120832,0.9096540787,0.791458725354,0.845003357548,0.860367116635,0.991288792098,0.840859894006
2016-01-26,0.770833333333,0.961600865333,0.901869946092,0.827513144471,0.74990633196,0.721750707272,0.715608108108,0.736790765729,0.777581589712,0.853404698186,0.744089012517,0.800073255601,0.820084279694,0.933343703819,0.783533626931
2016-01-27,0.771846846847,0.955651703624,0.894120619946,0.816448246096,0.750281004121,0.719004826094,0.714797297297,0.733214111527,0.773991348106,0.851868371494,0.741307371349,0.800561626274,0.818870080709,0.925332503694,0.778457863701
2016-01-28,0.75,0.928970614747,0.870198787062,0.788197441733,0.73497297008,0.69728740223,0.703108108108,0.698423020647,0.753656455078,0.831846565566,0.721263192342,0.783468652707,0.805871009214,0.901998911099,0.749720086587
2016-01-29,0.77454954955,0.958626284478,0.898332210243,0.815585027074,0.757935021142,0.719088034615,0.724256756757,0.720695821818,0.778523292428,0.854197640995,0.744089012517,0.806422074354,0.826869509321,0.932021466905,0.774949615586
2016-02-01,0.758783783784,0.947629349198,0.88409703504,0.803813858589,0.743777765883,0.702862373107,0.711486486486,0.707039505771,0.764898031253,0.842253939935,0.729526302872,0.791404676149,0.812441968431,0.921988022089,0.757483018586
2016-02-02,0.771396396396,0.969082386876,0.903133423181,0.82390331947,0.755660225874,0.716092527875,0.722635135135,0.725247927166,0.780053559342,0.858013678263,0.743189069786,0.804712776998,0.823226912363,0.941977133079,0.773680674778
2016-02-03,0.763626126126,0.967009194159,0.899932614555,0.823981793926,0.749130225339,0.710767182559,0.716959459459,0.723622175256,0.775727612489,0.852661314303,0.738607543156,0.798974421586,0.816655953146,0.941354903943,0.770321713817
2016-02-04,0.773761261261,0.981251126735,0.911556603774,0.837008553716,0.757185676818,0.719171243135,0.725337837838,0.740367419932,0.785880344899,0.862275745862,0.749570481878,0.809596483731,0.825441039926,0.955355059501,0.780921101739
2016-02-05,0.770720720721,0.977104741302,0.904733827493,0.830259750451,0.754509447091,0.714261940423,0.722094594595,0.736790765729,0.781701539095,0.860739419169,0.745888897979,0.807459862035,0.823941147061,0.947966088512,0.776591774278
2016-02-15,0.765202702703,0.975572381467,0.899932614555,0.829004159146,0.747230102232,0.705774671326,0.716148648649,0.747358153146,0.776492745946,0.854941024879,0.741307371349,0.802942433307,0.817155917434,0.94866609629,0.773307456893
2016-02-16,0.786036036036,1.00504777357,0.928655660377,0.857647335792,0.767141251405,0.728324180396,0.734864864865,0.768005202406,0.799888172802,0.878828427,0.763233248793,0.824308650266,0.835940289979,0.97728863654,0.797641262969
2016-02-17,0.793806306306,1.0124391563,0.936404986523,0.865416306992,0.77249371086,0.73647861541,0.737837837838,0.774020484474,0.806038668668,0.88809594608,0.76953284791,0.830352237348,0.840082851225,0.98001088901,0.806150630738
2016-02-18,0.789414414414,1.00766179917,0.932193396226,0.862669701012,0.770192153294,0.73339990015,0.737027027027,0.774670785238,0.803743268297,0.887699474675,0.767732962448,0.827544105976,0.839154346118,0.981333125924,0.805030977084
2016-02-19,0.78704954955,1.00793221561,0.932193396226,0.862748175469,0.768292030188,0.731319687136,0.734594594595,0.771581856609,0.802507283482,0.884230349886,0.766833019717,0.825773762286,0.835440325691,0.982655362837,0.802418451892
2016-02-22,0.806306306306,1.02668108888,0.954093665768,0.879698658087,0.787052400578,0.750624063904,0.753243243243,0.794830108925,0.820988199288,0.904252155813,0.783195614825,0.844087662536,0.852296264553,0.998677763086,0.825110099276
2016-02-23,0.799774774775,1.02019109429,0.943480458221,0.872243584713,0.777872932613,0.741471126643,0.743783783784,0.801333116566,0.812277449163,0.897313906235,0.77411437454,0.834137110067,0.843011213485,0.98864431827,0.817645741584
2016-02-24,0.806644144144,1.02965566973,0.952156334232,0.883936278741,0.782449285447,0.748211016808,0.746486486486,0.809949601691,0.819428504164,0.902368916642,0.782295672094,0.839387094805,0.846439540033,0.992688807653,0.829588713891
2016-02-25,0.759121621622,0.963133225167,0.887297843666,0.822255355882,0.741101536156,0.702030287901,0.708783783784,0.752397984068,0.770224537241,0.847259391416,0.734925959257,0.79390757585,0.807085208199,0.929299214436,0.773829961932
2016-02-26,0.769481981982,0.971155579593,0.896647574124,0.829396531429,0.750281004121,0.710267931436,0.718040540541,0.770606405463,0.778758718107,0.85727029438,0.743189069786,0.802576155302,0.816155988858,0.940654896166,0.785549003508
2016-02-29,0.761373873874,0.942040742744,0.874410377358,0.801224201522,0.746079323449,0.699866866367,0.713986486486,0.751910258495,0.765839733969,0.842997323818,0.731326188333,0.794823270863,0.813227626598,0.918643540484,0.77121743674
2016-03-01,0.773085585586,0.956553091761,0.890245956873,0.816605195009,0.757185676818,0.712181727409,0.724256756757,0.771094131036,0.778464436008,0.856873822976,0.744089012517,0.806605213357,0.821512749089,0.927976977522,0.787564380085
2016-03-02,0.802815315315,0.993419866595,0.927055256065,0.856391744487,0.78360006423,0.740805458479,0.74972972973,0.809949601691,0.810158618051,0.894637724254,0.77411437454,0.835968500092,0.848939361474,0.965310725675,0.825632604314
2016-03-03,0.80472972973,1.0026140256,0.930592991914,0.860864788511,0.78742707274,0.742552837411,0.752702702703,0.815477158186,0.814160854595,0.897313906235,0.776896015708,0.838410353458,0.852081994143,0.976666407405,0.826602970814
2016-03-04,0.829954954955,1.00856318731,0.938342318059,0.859687671663,0.813493550286,0.759527375603,0.775202702703,0.810925052837,0.830758364969,0.906581425315,0.794158553547,0.854770771015,0.878008713663,0.989966555184,0.839367022468
2016-03-07,0.829504504505,1.01334054444,0.945080862534,0.86934002982,0.807739656372,0.758861707439,0.770878378378,0.834661030727,0.830581795709,0.913123203489,0.794158553547,0.85293938099,0.871866295265,0.996655518395,0.844218854968
2016-03-08,0.829166666667,1.0124391563,0.943817385445,0.867142745036,0.810790558262,0.760276252288,0.774662162162,0.828483173468,0.831611783055,0.912726732084,0.795958439008,0.85513704902,0.875080351403,0.999299992222,0.842725983429
2016-03-09,0.820720720721,1.00234360916,0.935731132075,0.850820058071,0.809265107317,0.756115826261,0.77222972973,0.790278003577,0.824872722992,0.902368916642,0.789577026916,0.850375434955,0.874794657524,0.991288792098,0.828842278122
2016-03-10,0.805292792793,0.986569316748,0.917621293801,0.831829239583,0.790504736927,0.73797636878,0.752972972973,0.775158510811,0.8055383891,0.884626821291,0.771414546347,0.831267932361,0.854510392115,0.967332970366,0.80876315593
2016-03-11,0.806193693694,0.98422570759,0.920232479784,0.831907714039,0.793957073275,0.744882675986,0.756013513514,0.778572589823,0.807804361261,0.885023292695,0.773214431809,0.831145839692,0.85601028498,0.969355215058,0.812122116892
2016-03-14,0.811148648649,1.00054083288,0.937331536388,0.852075649376,0.796633303003,0.752621068397,0.759256756757,0.795805560072,0.816956534534,0.896966993756,0.780495786632,0.838410353458,0.858938647239,0.985999844443,0.824736881391
2016-03-15,0.820608108108,1.01063638003,0.941206199461,0.850820058071,0.805063426645,0.757114328507,0.764662162162,0.784100146318,0.822077043053,0.901972445237,0.785977255993,0.845491728222,0.86750946361,0.993311036789,0.828842278122
2016-03-16,0.829617117117,1.00883360375,0.945080862534,0.853566664051,0.81847133758,0.765851223165,0.778513513514,0.782149244025,0.831670639475,0.909257607295,0.796858381739,0.859654477749,0.885793871866,1.00132223691,0.834739120699
2016-03-17,0.83018018018,1.02316567514,0.957715633423,0.868633759711,0.816544452176,0.769262772508,0.777702702703,0.797756462364,0.835967158118,0.914659530181,0.799640022908,0.859959709419,0.880722805514,1.01267791864,0.840710606852
2016-03-18,0.833445945946,1.03767802416,0.970266172507,0.886212037982,0.820371460686,0.774920951905,0.783648648649,0.816940334905,0.844677908243,0.923927049262,0.806921377731,0.86612538917,0.883865438183,1.02597806642,0.848697469583
2016-03-21,0.849774774775,1.05732828556,0.989639487871,0.908106411363,0.839907937697,0.792561158263,0.805337837838,0.833035278816,0.865483652629,0.935077807513,0.827865499468,0.883523594408,0.898078708664,1.04868942988,0.865566917967
2016-03-22,0.846959459459,1.05345231657,0.982900943396,0.903633367339,0.832253920677,0.78765185555,0.79472972973,0.827019996748,0.858832877196,0.931608682724,0.822384030107,0.877296868323,0.890936361688,1.04534494828,0.85967007539
2016-03-23,0.848423423423,1.05606634217,0.984164420485,0.905281330927,0.833003265,0.788067898153,0.79722972973,0.829621199805,0.859921720962,0.929328972148,0.822384030107,0.878212563336,0.89050782087,1.04596717741,0.859296857505
2016-03-24,0.83490990991,1.04723273842,0.970266172507,0.88966491407,0.818846009741,0.773339990015,0.780405405405,0.807836124207,0.844913333922,0.913916146298,0.806921377731,0.864538184482,0.87608027998,1.03398926655,0.843099201314
2016-03-25,0.837725225225,1.05669731386,0.97641509434,0.894137958095,0.823047690414,0.776335496755,0.784189189189,0.809949601691,0.849415850034,0.919664981663,0.810521148654,0.868506196203,0.879437183058,1.03663374037,0.845338508621
2016-03-28,0.829954954955,1.05489453759,0.969592318059,0.887467629287,0.813092115827,0.767598602097,0.773040540541,0.803771744432,0.840528530649,0.914312617702,0.801439908369,0.859166107075,0.868437968717,1.02800031111,0.838471299545
2016-03-29,0.821283783784,1.03677663602,0.956030997305,0.876010358628,0.80736498421,0.76052587785,0.769527027027,0.79873191351,0.832347488302,0.904252155813,0.794158553547,0.851352176302,0.863366902364,1.01664462938,0.828991565276
2016-03-30,0.840990990991,1.06291689201,0.980289757412,0.899003374402,0.8261253546,0.78007988018,0.788513513514,0.821492440254,0.853153232689,0.926256318763,0.815102675284,0.873023624931,0.883865438183,1.04200046667,0.849593192506
2016-03-31,0.844481981982,1.06327744727,0.982227088949,0.901357608099,0.825723920141,0.779331003495,0.786621621622,0.818891237197,0.853771225096,0.926603231242,0.815102675284,0.871863744582,0.882865509606,1.04130045889,0.85071284616
2016-04-01,0.850788288288,1.06057328286,0.983490566038,0.904104214078,0.829952363111,0.784073889166,0.790675675676,0.827995447895,0.857508607751,0.930468827436,0.819684201914,0.877907331665,0.890722091279,1.03935599284,0.858326491005
2016-04-05,0.854279279279,1.07571660357,0.995788409704,0.919799105391,0.834555478242,0.790980196372,0.79527027027,0.840676312795,0.866278214296,0.943948855189,0.826965556737,0.885293938099,0.894364688237,1.05802286692,0.866164066582
2016-04-06,0.85213963964,1.08256715342,0.996125336927,0.918700462999,0.829952363111,0.786570144783,0.789594594595,0.841164038368,0.86283511374,0.943552383784,0.822384030107,0.880532324034,0.888007999429,1.05530061445,0.862805105621
2016-04-07,0.841328828829,1.06616188931,0.981216307278,0.903476418426,0.819220681903,0.775004160426,0.779324324324,0.830596650951,0.850239839911,0.930468827436,0.810521148654,0.869238752213,0.877794443254,1.04130045889,0.851459281929
2016-04-08,0.833108108108,1.05813953488,0.97414083558,0.897198461901,0.813493550286,0.768929938426,0.774391891892,0.825556820029,0.844118772255,0.925463375954,0.805121492269,0.86319516513,0.873866152418,1.03266702963,0.847577815929
2016-04-11,0.842905405405,1.07418424374,0.988376010782,0.912344032018,0.822673018252,0.778998169413,0.78527027027,0.841651763941,0.855684058739,0.940083258995,0.816902560746,0.873939319944,0.883865438183,1.04596717741,0.86355154139
2016-04-12,0.840540540541,1.06769424914,0.984838274933,0.908655732559,0.820746132848,0.775836245632,0.784189189189,0.842139489514,0.853182660899,0.936614134206,0.815102675284,0.87125328124,0.882651239197,1.03997822198,0.860939016198
2016-04-13,0.85259009009,1.07454479899,0.996378032345,0.921525543436,0.831103141894,0.787235812947,0.795540540541,0.864412290684,0.864630234543,0.950490633363,0.826965556737,0.881875343386,0.892936218842,1.05195613285,0.873404493543
2016-04-14,0.854391891892,1.0804939607,1.00058962264,0.92552774072,0.834154043783,0.790064902646,0.798040540541,0.864412290684,0.86792619405,0.953216374269,0.82966538493,0.885232891765,0.895578887222,1.05662285137,0.875643800851
2016-04-15,0.855067567568,1.07715882459,0.998652291105,0.924115200502,0.835304822566,0.790231319687,0.799121621622,0.861811087628,0.868161619729,0.950887104768,0.830565327661,0.888468347476,0.897293050496,1.05864509606,0.87228483989
2016-04-18,0.843581081081,1.06237605913,0.980626684636,0.908263360276,0.8261253546,0.778498918289,0.790405405405,0.851243700211,0.856508048615,0.942016057092,0.818784259184,0.877785238996,0.888793657596,1.04534494828,0.860043293275
2016-04-19,0.847184684685,1.06589147287,0.983490566038,0.911873185278,0.828426912166,0.779580629056,0.793108108108,0.854820354414,0.859097731085,0.944345326593,0.821484087376,0.879555582687,0.890936361688,1.04666718519,0.862805105621
2016-04-20,0.840427927928,1.03830899585,0.965717654987,0.889429490701,0.824974575818,0.771759028124,0.792297297297,0.831572102097,0.848797857626,0.93086529884,0.814202732553,0.871497466577,0.888293693308,1.02395582173,0.848846756737
2016-04-21,0.841216216216,1.02785289346,0.956030997305,0.878521541238,0.82229834609,0.765268763521,0.790405405405,0.842627215087,0.843118213119,0.927792645455,0.809621205923,0.867895732861,0.885793871866,1.01065567395,0.844069567814
2016-04-22,0.84222972973,1.03650621958,0.960242587601,0.879463234717,0.8261253546,0.76660009985,0.792837837838,0.830596650951,0.845913893058,0.928139557934,0.812402847092,0.87241316159,0.890007856582,1.01532239247,0.840486676122
2016-04-25,0.836936936937,1.03028664143,0.955441374663,0.873577650475,0.82229834609,0.762938924946,0.789054054054,0.827995447895,0.841440805156,0.929725443552,0.807821320461,0.86905561321,0.887079494322,1.00933343704,0.837202358737
2016-04-26,0.839414414414,1.03677663602,0.961842991914,0.880247979283,0.825349247979,0.766100848727,0.792027027027,0.829133474232,0.845678467379,0.933145009416,0.811502904361,0.873267810268,0.889722162703,1.02068911877,0.840113458237
2016-04-27,0.835022522523,1.03353163872,0.957968328841,0.876638154281,0.821147567307,0.761774005658,0.787972972973,0.823443342546,0.841764515465,0.926999702646,0.806921377731,0.86905561321,0.886793800443,1.01734463716,0.837351645891
2016-04-28,0.834121621622,1.03263025059,0.957041778976,0.87483324178,0.819996788524,0.760692294891,0.786621621622,0.820029263534,0.840263676761,0.927396174051,0.806021435,0.868200964532,0.886793800443,1.01602240025,0.834739120699
2016-04-29,0.833333333333,1.03921038399,0.957715633423,0.874126971671,0.817695230959,0.756531868863,0.782837837838,0.821492440254,0.838321414908,0.924323520666,0.803239793831,0.865942250168,0.882651239197,1.01462238469,0.834963051429
2016-05-03,0.845720720721,1.06679286101,0.975741239892,0.894137958095,0.8261253546,0.766017640206,0.789594594595,0.837587384165,0.851122686207,0.936267221727,0.815102675284,0.878090470667,0.889507892293,1.03398926655,0.849593192506
2016-05-04,0.842117117117,1.06535063999,0.977088948787,0.896727615161,0.824198469197,0.766184057247,0.788513513514,0.831084376524,0.850710691269,0.932798096937,0.814202732553,0.877174775655,0.888793657596,1.03328925877,0.849443905352
2016-05-05,0.842567567568,1.06706327745,0.977678571429,0.898767951032,0.824198469197,0.76660009985,0.788783783784,0.83205982767,0.851387540096,0.932005154128,0.814202732553,0.876564312313,0.888007999429,1.03531150346,0.849817123237
2016-05-06,0.823873873874,1.04065260501,0.95156671159,0.872871380366,0.80736498421,0.74846064237,0.7725,0.803284018859,0.831111503487,0.907721280603,0.795058496278,0.855625419694,0.871152060567,1.00801120012,0.828095842353
2016-05-09,0.806306306306,1.02163331531,0.929582210243,0.848858196657,0.793957073275,0.732734231985,0.759527027027,0.768005202406,0.814013713546,0.883486966003,0.77869590117,0.84121848483,0.858438682951,0.983977599751,0.806897066507
2016-05-10,0.810135135135,1.02695150532,0.928992587601,0.850427685788,0.793957073275,0.732234980862,0.757635135135,0.767517476833,0.814543421324,0.882694023194,0.777795958439,0.838959770466,0.857438754375,0.983977599751,0.80876315593
2016-05-11,0.812725225225,1.04038218857,0.936068059299,0.855450051008,0.796258630841,0.73498086204,0.759256756757,0.769630954316,0.81783938083,0.88809594608,0.781395729363,0.844087662536,0.861367045211,0.988022089134,0.815779652161
2016-05-12,0.815427927928,1.03830899585,0.938005390836,0.857411912423,0.798934860568,0.736977866534,0.763040540541,0.768492927979,0.820105352991,0.890425215581,0.785077313262,0.846956840242,0.86458110135,0.988022089134,0.818018959469
2016-05-13,0.809684684685,1.02938525329,0.93253032345,0.852389547202,0.79548252422,0.734564819438,0.760337837838,0.767517476833,0.816161972867,0.89077212806,0.781395729363,0.84341615286,0.86165273909,0.98195535506,0.813764275584
2016-05-16,0.815990990991,1.03921038399,0.938931940701,0.85953072275,0.797784081786,0.737310700616,0.7625,0.77808486425,0.820281922251,0.895430667063,0.785077313262,0.847323118247,0.863081208485,0.98864431827,0.818616108084
2016-05-17,0.815765765766,1.03326122228,0.934130727763,0.856862591227,0.795857196382,0.735147279081,0.760878378378,0.779060315396,0.81786880904,0.892704926157,0.781395729363,0.843904523533,0.859938575816,0.986622073579,0.814659998507
2016-05-18,0.811261261261,1.01865873445,0.922169811321,0.846896335243,0.797007975165,0.733233483109,0.764121621622,0.761502194765,0.815043700892,0.884626821291,0.781395729363,0.843049874855,0.862866938076,0.974644162713,0.808016720161
2016-05-19,0.814301801802,1.01892915089,0.920232479784,0.844934473829,0.795107852058,0.731319687136,0.761689189189,0.765078848968,0.81307201083,0.884230349886,0.77869590117,0.839142909468,0.859152917649,0.970677451972,0.806673135777
2016-05-20,0.817117117117,1.02641067244,0.926044474394,0.850584634701,0.798533426109,0.735064070561,0.764662162162,0.769630954316,0.817397957682,0.886956090792,0.782295672094,0.84341615286,0.861867009499,0.975966399627,0.809658878853
2016-05-23,0.81722972973,1.03290066703,0.933119946092,0.8565486934,0.798158753947,0.735563321684,0.764121621622,0.773045033328,0.819310791325,0.889632272772,0.782295672094,0.842744643184,0.861367045211,0.981333125924,0.813017839815
2016-05-24,0.810810810811,1.02695150532,0.927055256065,0.849721415679,0.792404860033,0.730737227492,0.757905405405,0.766542025687,0.81295429799,0.885023292695,0.775914260002,0.834320249069,0.855510320691,0.974021933577,0.808016720161
2016-05-25,0.810247747748,1.02190373175,0.92343328841,0.845169897198,0.794331745437,0.730237976369,0.760067567568,0.761502194765,0.812542303052,0.885370205174,0.776896015708,0.836762102436,0.858438682951,0.973321925799,0.805404194969
2016-05-26,0.814301801802,1.02073192717,0.923180592992,0.845483795025,0.795857196382,0.730737227492,0.76222972973,0.772069582182,0.813631146817,0.886956090792,0.777795958439,0.837860936451,0.859152917649,0.975344170491,0.806673135777
2016-05-27,0.81295045045,1.01983053903,0.92343328841,0.844149729263,0.79548252422,0.730903644533,0.761418918919,0.768492927979,0.81286601336,0.890028744177,0.777795958439,0.837738843782,0.859438611528,0.972621918021,0.806673135777
2016-05-30,0.820045045045,1.01685595818,0.924444070081,0.8392058385,0.801985762458,0.735563321684,0.766283783784,0.76394082263,0.815308554781,0.891961542274,0.780495786632,0.841096392162,0.86458110135,0.969977444194,0.806523848623
2016-05-31,0.846171171171,1.04894537588,0.956367924528,0.871458840148,0.8261253546,0.758279247795,0.791216216216,0.792716631442,0.842676789971,0.915848944395,0.806021435,0.865575972163,0.886793800443,1.00466671852,0.832126595506
2016-06-01,0.84009009009,1.04804398774,0.953504043127,0.870517146669,0.819622116362,0.753952404726,0.784189189189,0.798244187937,0.838203702069,0.913123203489,0.801439908369,0.861669006776,0.880722805514,1.00264447383,0.829215496007
